Housing type,Energy performance,C1,C2,C3,C4,C5
Multi-family,BBC,0.348470179,0.274695821,0.224781802,0.100477151,0.051575046
Multi-family,BEPOS,0.348470179,0.274695821,0.224781802,0.100477151,0.051575046
Single-family,BBC,0.180626528,0.224088409,0.31087425,0.200452377,0.083958435
Single-family,BEPOS,0.180626528,0.224088409,0.31087425,0.200452377,0.083958435