Income class owner,Cost
D1,0.853080569
D2,0.853080569
D3,0.710900474
D4,0.710900474
D5,0.710900474
D6,0.710900474
D7,0.710900474
D8,0.710900474
D9,0.710900474
D10,0.710900474